Workbook

Sheet Setup (per stay)
A1: Property | B1: Welcome Pack | C1: Single Duvet cover | D1: Single Sheet | E1: Double Duvet Cover | F1: Double Sheet | G1: King Duvet Cover | H1: King Sheet | I1: Super King Duvet Cover | J1: Super King Sheet | K1: Pillowcases | L1: Bath Sheet | M1: Hand Towel | N1: Bath Mat | O1: Tea Towel x 2 | P1: Oven Gloves | Q1: Column1
A2: Holmlea | B2: 0 | C2: 1 | D2: 1 | E2: 1 | F2: 1 | G2: 1 | H2: 1 | K2: 10 | L2: 5 | M2: 6 | N2: 1 | O2: 1 | Q2: sleeps 5
A3: Jasmine Cottage | B3: 0 | E3: 1 | F3: 1 | G3: 1 | H3: 1 | K3: 8 | L3: 4 | M3: 5 | N3: 1 | O3: 1 | Q3: sleeps 4
A4: Riverside House | B4: 0 | C4: 3 | D4: 3 | E4: 1 | F4: 1 | G4: 1 | H4: 1 | K4: 14 | L4: 7 | M4: 9 | N4: 2 | O4: 1 | Q4: sleeps 7 or 9 if sofa bed required. check booking
A5: Wynns Cottage | B5: 0 | E5: 1 | F5: 1 | G5: 1 | H5: 1 | K5: 8 | L5: 4 | M5: 7 | N5: 2 | O5: 1 | Q5: sleeps 4. 1 hand towel for each of the bathrooms
A6: Wellcroft Barn | B6: 0 | C6: 6 | D6: 2 | E6: 1 | F6: 1 | J6: 2 | K6: 16 | L6: 8 | M6: 12 | N6: 4 | O6: 1 | Q6: SK beds have single duvets
A7: Riversley | B7: 0 | C7: 2 | D7: 2 | E7: 1 | F7: 1 | G7: 1 | H7: 1 | K7: 12 | L7: 6 | M7: 8 | N7: 2 | O7: 1
A9: Enter the number of each item needed PER STAY for each property above.
A10: Example: If Holmlea needs 10 pillowcases for any stay, put 10 under Pillowcases for Holmlea.

Sheet Stays
A1: Property | B1: Number of stays
A2: Holmlea | B2: 5
A3: Jasmine Cottage | B3: 5
A4: Riverside House | B4: 3
A5: Wynns Cottage | B5: 0
A6: Wellcroft Barn | B6: 2
A7: Riversley | B7: 0

Sheet Calculated
A1: Property | B1: Welcome Pack | C1: Single Duvet cover | D1: Single Sheet | E1: Double Duvet Cover | F1: Double Sheet | G1: King Duvet Cover | H1: King Sheet | I1: Super King Duvet Cover | J1: Super King Sheet | K1: Pillowcases | L1: Bath Sheet | M1: Hand Towel | N1: Bath Mat | O1: Tea Towel x 2 | P1: Oven Gloves | Q1: Total Items
A2: Holmlea | B2: ='Setup (per stay)'!B2*Stays!B2 -> 0 | C2: ='Setup (per stay)'!C2*Stays!B2 -> 5 | D2: ='Setup (per stay)'!D2*Stays!B2 -> 5 | E2: ='Setup (per stay)'!E2*Stays!B2 -> 5 | F2: ='Setup (per stay)'!F2*Stays!B2 -> 5 | G2: ='Setup (per stay)'!G2*Stays!B2 -> 5 | H2: ='Setup (per stay)'!H2*Stays!B2 -> 5 | I2: ='Setup (per stay)'!I2*Stays!B2 -> 0 | J2: ='Setup (per stay)'!J2*Stays!B2 -> 0 | K2: ='Setup (per stay)'!K2*Stays!B2 -> 50 | L2: ='Setup (per stay)'!L2*Stays!B2 -> 25 | M2: ='Setup (per stay)'!M2*Stays!B2 -> 30 | N2: ='Setup (per stay)'!N2*Stays!B2 -> 5 | O2: ='Setup (per stay)'!O2*Stays!B2 -> 5 | P2: ='Setup (per stay)'!P2*Stays!B2 -> 0 | Q2: =SUM(B2:P2) -> 145
A3: Jasmine Cottage | B3: ='Setup (per stay)'!B3*Stays!B3 -> 0 | C3: ='Setup (per stay)'!C3*Stays!B3 -> 0 | D3: ='Setup (per stay)'!D3*Stays!B3 -> 0 | E3: ='Setup (per stay)'!E3*Stays!B3 -> 5 | F3: ='Setup (per stay)'!F3*Stays!B3 -> 5 | G3: ='Setup (per stay)'!G3*Stays!B3 -> 5 | H3: ='Setup (per stay)'!H3*Stays!B3 -> 5 | I3: ='Setup (per stay)'!I3*Stays!B3 -> 0 | J3: ='Setup (per stay)'!J3*Stays!B3 -> 0 | K3: ='Setup (per stay)'!K3*Stays!B3 -> 40 | L3: ='Setup (per stay)'!L3*Stays!B3 -> 20 | M3: ='Setup (per stay)'!M3*Stays!B3 -> 25 | N3: ='Setup (per stay)'!N3*Stays!B3 -> 5 | O3: ='Setup (per stay)'!O3*Stays!B3 -> 5 | P3: ='Setup (per stay)'!P3*Stays!B3 -> 0 | Q3: =SUM(B3:P3) -> 115
A4: Riverside House | B4: ='Setup (per stay)'!B4*Stays!B4 -> 0 | C4: ='Setup (per stay)'!C4*Stays!B4 -> 9 | D4: ='Setup (per stay)'!D4*Stays!B4 -> 9 | E4: ='Setup (per stay)'!E4*Stays!B4 -> 3 | F4: ='Setup (per stay)'!F4*Stays!B4 -> 3 | G4: ='Setup (per stay)'!G4*Stays!B4 -> 3 | H4: ='Setup (per stay)'!H4*Stays!B4 -> 3 | I4: ='Setup (per stay)'!I4*Stays!B4 -> 0 | J4: ='Setup (per stay)'!J4*Stays!B4 -> 0 | K4: ='Setup (per stay)'!K4*Stays!B4 -> 42 | L4: ='Setup (per stay)'!L4*Stays!B4 -> 21 | M4: ='Setup (per stay)'!M4*Stays!B4 -> 27 | N4: ='Setup (per stay)'!N4*Stays!B4 -> 6 | O4: ='Setup (per stay)'!O4*Stays!B4 -> 3 | P4: ='Setup (per stay)'!P4*Stays!B4 -> 0 | Q4: =SUM(B4:P4) -> 129
A5: Wynns Cottage | B5: ='Setup (per stay)'!B5*Stays!B5 -> 0 | C5: ='Setup (per stay)'!C5*Stays!B5 -> 0 | D5: ='Setup (per stay)'!D5*Stays!B5 -> 0 | E5: ='Setup (per stay)'!E5*Stays!B5 -> 0 | F5: ='Setup (per stay)'!F5*Stays!B5 -> 0 | G5: ='Setup (per stay)'!G5*Stays!B5 -> 0 | H5: ='Setup (per stay)'!H5*Stays!B5 -> 0 | I5: ='Setup (per stay)'!I5*Stays!B5 -> 0 | J5: ='Setup (per stay)'!J5*Stays!B5 -> 0 | K5: ='Setup (per stay)'!K5*Stays!B5 -> 0 | L5: ='Setup (per stay)'!L5*Stays!B5 -> 0 | M5: ='Setup (per stay)'!M5*Stays!B5 -> 0 | N5: ='Setup (per stay)'!N5*Stays!B5 -> 0 | O5: ='Setup (per stay)'!O5*Stays!B5 -> 0 | P5: ='Setup (per stay)'!P5*Stays!B5 -> 0 | Q5: =SUM(B5:P5) -> 0
A6: Wellcroft Barn | B6: ='Setup (per stay)'!B6*Stays!B6 -> 0 | C6: ='Setup (per stay)'!C6*Stays!B6 -> 12 | D6: ='Setup (per stay)'!D6*Stays!B6 -> 4 | E6: ='Setup (per stay)'!E6*Stays!B6 -> 2 | F6: ='Setup (per stay)'!F6*Stays!B6 -> 2 | G6: ='Setup (per stay)'!G6*Stays!B6 -> 0 | H6: ='Setup (per stay)'!H6*Stays!B6 -> 0 | I6: ='Setup (per stay)'!I6*Stays!B6 -> 0 | J6: ='Setup (per stay)'!J6*Stays!B6 -> 4 | K6: ='Setup (per stay)'!K6*Stays!B6 -> 32 | L6: ='Setup (per stay)'!L6*Stays!B6 -> 16 | M6: ='Setup (per stay)'!M6*Stays!B6 -> 24 | N6: ='Setup (per stay)'!N6*Stays!B6 -> 8 | O6: ='Setup (per stay)'!O6*Stays!B6 -> 2 | P6: ='Setup (per stay)'!P6*Stays!B6 -> 0 | Q6: =SUM(B6:P6) -> 106
A7: Riversley | B7: ='Setup (per stay)'!B7*Stays!B7 -> 0 | C7: ='Setup (per stay)'!C7*Stays!B7 -> 0 | D7: ='Setup (per stay)'!D7*Stays!B7 -> 0 | E7: ='Setup (per stay)'!E7*Stays!B7 -> 0 | F7: ='Setup (per stay)'!F7*Stays!B7 -> 0 | G7: ='Setup (per stay)'!G7*Stays!B7 -> 0 | H7: ='Setup (per stay)'!H7*Stays!B7 -> 0 | I7: ='Setup (per stay)'!I7*Stays!B7 -> 0 | J7: ='Setup (per stay)'!J7*Stays!B7 -> 0 | K7: ='Setup (per stay)'!K7*Stays!B7 -> 0 | L7: ='Setup (per stay)'!L7*Stays!B7 -> 0 | M7: ='Setup (per stay)'!M7*Stays!B7 -> 0 | N7: ='Setup (per stay)'!N7*Stays!B7 -> 0 | O7: ='Setup (per stay)'!O7*Stays!B7 -> 0 | P7: ='Setup (per stay)'!P7*Stays!B7 -> 0 | Q7: =SUM(B7:P7) -> 0
A8: TOTALS | B8: =SUM(B2:B7) -> 0 | C8: =SUM(C2:C7) -> 26 | D8: =SUM(D2:D7) -> 18 | E8: =SUM(E2:E7) -> 15 | F8: =SUM(F2:F7) -> 15 | G8: =SUM(G2:G7) -> 13 | H8: =SUM(H2:H7) -> 13 | I8: =SUM(I2:I7) -> 0 | ... P8: =SUM(P2:P7) -> 0
A10: How it works:
A11: 1) Fill per-stay quantities on 'Setup (per stay)'.
A12: 2) Enter stays on 'Stays'.
A13: 3) See auto-calculated required items here, with column totals.
